{"cameraMode":{"drawMode":0,"name":"Shaded","section":"Shading Mode"},"sceneLighting":true,"audioPlay":false,"sceneViewState":{"m_AlwaysRefresh":false,"showFog":true,"showSkybox":true,"showFlares":true,"showImageEffects":true,"showParticleSystems":true,"showVisualEffectGraphs":true,"m_FxEnabled":true},"in2DMode":false,"pivot":{"x":-0.1844889521598816,"y":0.25743651390075686,"z":1.5662941932678223},"rotation":{"x":-0.13928289711475373,"y":0.031778570264577869,"z":-0.004472200758755207,"w":-0.9897331595420837},"size":1.190239429473877,"orthographic":false}